{"cameraMode":{"drawMode":0,"name":"Shaded","section":"Shading Mode"},"sceneLighting":true,"audioPlay":false,"sceneViewState":{"showFog":true,"showMaterialUpdate":false,"showSkybox":true,"showFlares":true,"showImageEffects":true,"showParticleSystems":true},"in2DMode":false,"pivot":{"x":0.7575677633285523,"y":-3.2744102478027345,"z":-2.5541439056396486},"rotation":{"x":0.0027082853484898807,"y":0.9028896689414978,"z":-0.4298263490200043,"w":0.005688934121280909},"size":33.99560546875,"orthographic":false}